,URL_ID,URL,POSITIVE SCORE,NEGATIVE SCORE,POLARITY SCORE,SUBJECTIVITY SCORE,AVG SENTENCE LENGTH,PERCENTAGE OF COMPLEX WORDS,FOG INDEX,AVG NUMBER OF WORDS PER SENTENCE,COMPLEX WORD COUNT,WORD COUNT,SYLLABLE PER WORD,PERSONAL PRONOUNS,AVG WORD LENGTH
0,123.0,https://insights.blackcoffer.com/rise-of-telemedicine-and-its-impact-on-livelihood-by-2040-3-2/,86,24,0.13603354978354973,0.43728021978021986,109.32183908045977,30.747203579418343,10.34,5.712312312312313,3436,1665,2.2982561635598318,27,5.712312312312313
1,321.0,https://insights.blackcoffer.com/rise-of-e-health-and-its-impact-on-humans-by-the-year-2030/,41,13,0.11180051566080978,0.6157037815126051,135.96,30.47595315225517,14.64,5.5268292682926825,1223,615,2.253267973856209,16,5.5268292682926825
2,2345.0,https://insights.blackcoffer.com/rise-of-e-health-and-its-imapct-on-humans-by-the-year-2030-2/,25,27,0.08683542232960838,0.4596655089096947,79.33783783783784,28.875467356916882,9.78,5.416051660516605,2008,1084,2.076780758556892,13,5.416051660516605
3,4321.0,https://insights.blackcoffer.com/rise-of-telemedicine-and-its-impact-on-livelihood-by-2040-2/,44,27,0.1397062416141364,0.38562365509733926,110.26984126984127,29.048434442270057,12.67,5.647967479674797,2375,1230,2.175324675324675,20,5.647967479674797
4,432.0,https://insights.blackcoffer.com/rise-of-telemedicine-and-its-impact-on-livelihood-by-2040-2-2/,44,27,0.1397062416141364,0.38562365509733926,110.26984126984127,29.048434442270057,12.67,5.647967479674797,2375,1230,2.175324675324675,20,5.647967479674797
5,2893.8,https://insights.blackcoffer.com/rise-of-chatbots-and-its-impact-on-customer-support-by-the-year-2040/,54,12,0.08595124716553286,0.45943176928891205,95.66176470588235,29.501565762004176,11.76,5.607758620689655,2261,1160,2.145077720207254,17,5.607758620689655
6,3355.6,https://insights.blackcoffer.com/rise-of-e-health-and-its-imapct-on-humans-by-the-year-2030/,43,10,0.10091685488424619,0.30928336156597025,121.62,29.089635854341736,14.43,5.736792452830189,2077,1060,2.2098298676748582,10,5.736792452830189
7,3817.4,https://insights.blackcoffer.com/how-does-marketing-influence-businesses-and-consumers/,72,6,0.18295522451404805,0.5121269220975102,96.37755102040816,29.074653553866785,11.07,5.425043078690408,3252,1741,2.1331789229878404,73,5.425043078690408
8,4279.2,https://insights.blackcoffer.com/how-advertisement-increase-your-market-value/,9,1,0.18982426303854877,0.4713151927437642,92.6,27.801204819277107,9.94,5.116022099447513,923,543,1.9607476635514018,19,5.116022099447513
9,4741.0,https://insights.blackcoffer.com/negative-effects-of-marketing-on-society/,29,46,0.015087719298245608,0.5669364699627857,112.1923076923077,29.612357913144855,12.44,5.669582118561711,2032,1029,2.2355250245338567,22,5.669582118561711
10,5202.8,https://insights.blackcoffer.com/how-advertisement-marketing-affects-business/,16,10,0.021238471673254287,0.5182971014492754,73.72413793103448,29.816334505666276,9.63,5.0663507109004735,763,422,2.0,11,5.0663507109004735
11,5664.6,https://insights.blackcoffer.com/rising-it-cities-will-impact-the-economy-environment-infrastructure-and-city-life-by-the-year-2035/,42,16,0.15149287452207155,0.402737805584521,103.5,29.06562054208274,11.73,5.118545454545455,2445,1375,2.0087399854333574,31,5.118545454545455
12,6126.4,https://insights.blackcoffer.com/rise-of-ott-platform-and-its-impact-on-entertainment-industry-by-the-year-2030/,25,3,0.0913095238095238,0.5600793650793651,126.625,28.9210233592881,14.62,5.446236559139785,1040,558,2.098566308243728,8,5.446236559139785
13,6588.2,https://insights.blackcoffer.com/rise-of-electric-vehicles-and-its-impact-on-livelihood-by-2040/,23,11,0.07579020013802623,0.43256038647342987,118.4186046511628,27.981726219611684,13.28,4.905587668593449,1715,1038,1.869186046511628,25,4.905587668593449
14,7050.0,https://insights.blackcoffer.com/rise-of-electric-vehicle-and-its-impact-on-livelihood-by-the-year-2040/,29,14,0.13522418058132343,0.42674242424242426,97.48979591836735,28.98781134075252,12.14,5.3977401129943505,1641,885,2.0897727272727273,13,5.3977401129943505
15,7511.8,https://insights.blackcoffer.com/oil-prices-by-the-year-2040-and-how-it-will-impact-the-world-economy/,40,26,0.09198756747367857,0.45257953466286777,113.25,28.945653590512187,12.57,4.761261261261262,2221,1332,1.8651092690278825,49,4.761261261261262
16,7973.6,https://insights.blackcoffer.com/an-outlook-of-healthcare-by-the-year-2040-and-how-it-will-impact-human-lives/,41,25,0.10359962667302118,0.42609277572580323,123.93877551020408,28.49185350229773,14.19,5.476104598737601,2046,1109,2.109090909090909,19,5.476104598737601
17,8435.4,https://insights.blackcoffer.com/ai-in-healthcare-to-improve-patient-outcomes/,77,34,0.13693643937761585,0.46336424033482865,129.85,29.379412247578394,14.57,5.787186629526462,3579,1795,2.2480446927374302,22,5.787186629526462
18,8897.2,https://insights.blackcoffer.com/what-if-the-creation-is-taking-over-the-creator/,71,37,0.07469251007613077,0.43359613375130607,85.18072289156626,28.595002357378593,10.87,4.996466431095406,2426,1415,1.9461374911410347,52,4.996466431095406
19,9359.0,https://insights.blackcoffer.com/what-jobs-will-robots-take-from-humans-in-the-future/,74,36,0.11146971179505427,0.4832005722587915,110.83529411764705,30.027870178908568,13.23,5.532002348796242,3340,1703,2.1876470588235293,28,5.532002348796242
20,9820.8,https://insights.blackcoffer.com/will-machine-replace-the-human-in-the-future-of-work/,85,28,0.14205028276997975,0.487386691591237,85.8125,29.084108370400322,10.24,4.977643504531722,2877,1655,1.9515151515151514,50,4.977643504531722
21,10282.6,https://insights.blackcoffer.com/will-ai-replace-us-or-work-with-us/,68,28,0.05317796664120197,0.5091386995357584,103.93181818181819,28.778696051423324,12.36,5.241260744985674,3134,1745,2.015526164462335,53,5.241260744985674
22,10744.4,https://insights.blackcoffer.com/man-and-machines-together-machines-are-more-diligent-than-humans-blackcoffe/,56,24,0.12108208858208855,0.4533339508339509,101.72727272727273,28.813770737183486,12.67,5.148773006134969,2310,1304,2.01929012345679,56,5.148773006134969
23,11206.2,https://insights.blackcoffer.com/in-future-or-in-upcoming-years-humans-and-machines-are-going-to-work-together-in-every-field-of-work/,28,12,0.14694743662134965,0.41690760929891363,82.23404255319149,28.8135593220339,10.38,5.237127371273712,1326,738,1.997278911564626,17,5.237127371273712
24,11668.0,https://insights.blackcoffer.com/how-neural-networks-can-be-applied-in-various-areas-in-the-future/,Data Not Available,Data Not Available,Data Not Available,Data Not Available,Data Not Available,Data Not Available,Data Not Available,Data Not Available,Data Not Available,Data Not Available,Data Not Available,Data Not Available,Data Not Available
25,12129.8,https://insights.blackcoffer.com/how-machine-learning-will-affect-your-business/,43,13,0.19017686550737403,0.5664366057671143,97.21621621621621,28.445883441258093,10.87,4.940934065934066,1230,728,1.943526170798898,33,4.940934065934066
26,12591.6,https://insights.blackcoffer.com/deep-learning-impact-on-areas-of-e-learning/,80,41,0.1685887445887446,0.5311564854898188,126.70930232558139,29.865951742627345,14.02,5.047244094488189,3899,2159,2.0458970792767732,55,5.047244094488189
27,13053.4,https://insights.blackcoffer.com/how-to-protect-future-data-and-its-privacy-blackcoffer/,61,69,0.11627650481153669,0.4650923740095715,91.10344827586206,29.223780682180426,10.22,5.334679454820797,3667,1981,2.1300607287449393,84,5.334679454820797
28,13515.2,https://insights.blackcoffer.com/how-machines-ai-automations-and-robo-human-are-effective-in-finance-and-banking/,45,22,0.11639375561545375,0.41973403169157875,115.25862068965517,29.913661757237175,12.88,5.608221476510067,2356,1192,2.213624894869638,32,5.608221476510067
29,13977.0,https://insights.blackcoffer.com/ai-human-robotics-machine-future-planet-blackcoffer-thinking-jobs-workplace/,42,29,0.10607930070203922,0.3785477329687856,72.38636363636364,28.650355169692187,9.88,5.166261151662612,2178,1233,2.0097560975609756,19,5.166261151662612
30,14438.8,https://insights.blackcoffer.com/how-ai-will-change-the-world-blackcoffer/,72,24,0.14755515318015325,0.40120962370962354,102.98780487804878,29.412344705186353,13.72,4.9734982332155475,2983,1698,1.9917208752217623,65,4.9734982332155475
31,14900.6,https://insights.blackcoffer.com/future-of-work-how-ai-has-entered-the-workplace/,83,24,0.05780414030414031,0.4645467032967034,97.81818181818181,29.070334601502292,11.88,5.236009732360097,2980,1644,2.06890243902439,34,5.236009732360097
32,15362.4,https://insights.blackcoffer.com/ai-tool-alexa-google-assistant-finance-banking-tool-future/,28,1,0.1761308203991131,0.5311677753141167,127.9090909090909,30.295715147857575,14.08,5.616766467065868,1004,501,2.2023809523809526,6,5.616766467065868
33,15824.2,https://insights.blackcoffer.com/ai-healthcare-revolution-ml-technology-algorithm-google-analytics-industrialrevolution/,103,39,0.1326305759457933,0.504171019198193,970.2222222222222,29.37494071896045,83.71,4.818984547461369,3097,1812,1.9242256637168142,63,4.818984547461369
34,16286.0,https://insights.blackcoffer.com/all-you-need-to-know-about-online-marketing/,34,1,0.18236446093588943,0.44819238301381165,87.74137931034483,29.444811632518174,10.32,5.279045643153527,1782,964,2.100418410041841,24,5.279045643153527
35,16747.8,https://insights.blackcoffer.com/evolution-of-advertising-industry/,16,6,0.0876316738816739,0.34342171717171716,96.85714285714286,29.71392775109626,11.37,5.634349030470914,1423,722,2.1375,8,5.634349030470914
36,17209.6,https://insights.blackcoffer.com/how-data-analytics-can-help-your-business-respond-to-the-impact-of-covid-19/,5,4,0.09166796166796166,0.3912768712768713,134.0,30.05332040717402,14.96,5.409937888198757,620,322,2.1365079365079365,9,5.409937888198757
37,17671.4,https://insights.blackcoffer.com/covid-19-environmental-impact-for-the-future/,Data Not Available,Data Not Available,Data Not Available,Data Not Available,Data Not Available,Data Not Available,Data Not Available,Data Not Available,Data Not Available,Data Not Available,Data Not Available,Data Not Available,Data Not Available
38,18133.2,https://insights.blackcoffer.com/environmental-impact-of-the-covid-19-pandemic-lesson-for-the-future/,35,69,0.0441591080876795,0.3958860980289551,124.01724137931035,29.33286680662468,13.48,5.204775687409551,2515,1382,2.0647272727272727,17,5.204775687409551
39,18595.0,https://insights.blackcoffer.com/how-data-analytics-and-ai-are-used-to-halt-the-covid-19-pandemic/,21,14,0.15593822843822838,0.4100283050283051,114.75,29.20555429091737,13.78,5.085872576177286,1283,722,1.9722222222222223,15,5.085872576177286
40,19056.8,https://insights.blackcoffer.com/difference-between-artificial-intelligence-machine-learning-statistics-and-data-mining/,73,37,0.19193558535267086,0.4757927332299194,86.35714285714286,29.055273790079944,9.96,4.9296636085626915,3380,1962,1.949818934299017,51,4.9296636085626915
41,19518.6,https://insights.blackcoffer.com/how-python-became-the-first-choice-for-data-science/,52,3,0.27188644688644686,0.5027521367521367,80.45454545454545,29.798816568047336,11.01,5.160349854227405,1259,686,2.0922619047619047,24,5.160349854227405
42,19980.4,https://insights.blackcoffer.com/how-google-fit-measure-heart-and-respiratory-rates-using-a-phone/,9,1,0.12852891156462584,0.43758503401360543,106.88888888888889,28.608695652173914,12.88,5.103448275862069,658,377,2.013333333333333,4,5.103448275862069
43,20442.2,https://insights.blackcoffer.com/what-is-the-future-of-mobile-apps/,35,9,0.16227442969016,0.46634746339802513,107.43396226415095,28.726207906295755,12.41,5.007915567282322,1962,1137,1.9569798068481123,36,5.007915567282322
44,20904.0,https://insights.blackcoffer.com/impact-of-ai-in-health-and-medicine/,28,8,0.12596268810554526,0.3756125884697314,138.6,30.178527757397898,16.48,5.544,1234,625,2.232520325203252,7,5.544
45,21365.8,https://insights.blackcoffer.com/telemedicine-what-patients-like-and-dislike-about-it/,19,8,0.22744949494949493,0.5095454545454545,70.51724137931035,29.0468364831553,9.48,5.243589743589744,707,390,2.0927835051546393,12,5.243589743589744
46,21827.6,https://insights.blackcoffer.com/how-we-forecast-future-technologies/,6,1,0.04611801242236026,0.2803312629399586,81.63636363636364,31.544256120527308,12.3,5.442424242424242,335,165,2.214723926380368,5,5.442424242424242
47,22289.4,https://insights.blackcoffer.com/can-robots-tackle-late-life-loneliness/,27,36,0.05008615288220553,0.48135964912280715,70.5,28.37013669821241,8.74,4.8861386138613865,1349,808,1.93424317617866,64,4.8861386138613865
48,22751.2,https://insights.blackcoffer.com/embedding-care-robots-into-society-socio-technical-considerations/,11,2,0.3378571428571428,0.45642857142857146,80.0909090909091,29.633113828786453,9.45,4.814207650273224,315,183,1.9502762430939227,8,4.814207650273224
49,23213.0,https://insights.blackcoffer.com/management-challenges-for-future-digitalization-of-healthcare-services/,53,19,0.09488239538239539,0.3976969696969696,97.46376811594203,29.672837940654325,12.62,5.787435456110155,2340,1162,2.276100086281277,29,5.787435456110155
50,23674.8,https://insights.blackcoffer.com/are-we-any-closer-to-preventing-a-nuclear-holocaust/,14,18,0.050444275112642455,0.39726201519568866,80.8529411764706,27.97437461866992,11.12,5.186792452830189,917,530,1.990530303030303,9,5.186792452830189
51,24136.6,https://insights.blackcoffer.com/will-technology-eliminate-the-need-for-animal-testing-in-drug-development/,24,37,0.03834140726997871,0.4785533051604483,100.65384615384616,29.205087440381558,11.26,4.951750236518448,1837,1057,1.9283018867924528,46,4.951750236518448
52,24598.4,https://insights.blackcoffer.com/will-we-ever-understand-the-nature-of-consciousness/,32,49,0.08824155360468211,0.40256850226123964,128.02702702702703,29.01036084315827,14.51,5.498549042367963,3248,1723,2.1621150493898895,37,5.498549042367963
53,25060.2,https://insights.blackcoffer.com/will-we-ever-colonize-outer-space/,57,23,0.12432342244842245,0.4999897174897173,117.68055555555556,28.843896713615024,13.89,4.836187214611872,2949,1752,1.895096921322691,44,4.836187214611872
54,25522.0,https://insights.blackcoffer.com/what-is-the-chance-homo-sapiens-will-survive-for-the-next-500-years/,48,25,0.06454872646733112,0.398343484680694,86.36904761904762,28.215434083601288,11.42,4.9896836313617605,2457,1454,1.9262577532736045,31,4.9896836313617605
55,25983.8,https://insights.blackcoffer.com/why-does-your-business-need-a-chatbot/,28,7,0.17849927849927852,0.47281052281052294,57.763888888888886,28.562933597621406,8.4,4.688838782412627,1441,887,1.824462061155153,47,4.688838782412627
56,26445.6,https://insights.blackcoffer.com/how-you-lead-a-project-or-a-team-without-any-technical-expertise/,50,7,0.2201765188834155,0.43684318555008217,100.36363636363636,28.104005971634734,12.06,4.681272084805654,2259,1415,1.8156028368794326,53,4.681272084805654
57,26907.4,https://insights.blackcoffer.com/can-you-be-great-leader-without-technical-expertise/,37,6,0.25395622895622894,0.5148629148629151,132.1764705882353,29.123711340206185,14.68,4.780851063829787,791,470,1.9423076923076923,23,4.780851063829787
58,27369.2,https://insights.blackcoffer.com/how-does-artificial-intelligence-affect-the-environment/,47,16,0.12155610912076428,0.453966608104539,112.0,29.560692484739317,12.9,5.269761606022585,2954,1594,2.0854271356783918,24,5.269761606022585
59,27831.0,https://insights.blackcoffer.com/how-to-overcome-your-fear-of-making-mistakes-2/,33,73,0.07680677032717849,0.5767808551992226,61.0625,28.47648261758691,8.4,4.9644308943089435,1671,984,2.038422649140546,74,4.9644308943089435
60,28292.8,https://insights.blackcoffer.com/is-perfection-the-greatest-enemy-of-productivity/,65,22,0.2626820728291317,0.6234313725490195,68.31168831168831,27.668231611893585,7.8,4.650751547303272,1768,1131,1.7905944986690328,78,4.650751547303272
61,28754.6,https://insights.blackcoffer.com/global-financial-crisis-2008-causes-effects-and-its-solution/,28,44,0.10753286396143541,0.4355333189399124,102.16949152542372,27.768549280177186,11.04,5.0359231411862995,2006,1197,1.8832913518052057,13,5.0359231411862995
62,29216.4,https://insights.blackcoffer.com/gender-diversity-and-equality-in-the-tech-industry/,38,26,0.10186831875607386,0.35501479812704323,80.98947368421052,29.346162256724252,11.3,5.29525120440468,2684,1453,2.0898954703832753,28,5.29525120440468
63,29678.2,https://insights.blackcoffer.com/how-to-overcome-your-fear-of-making-mistakes/,34,81,0.07263869992441419,0.5635668934240364,63.31707317073171,28.456720732294844,8.66,5.011583011583012,1772,1036,2.0471153846153847,76,5.011583011583012
64,30140.0,https://insights.blackcoffer.com/how-small-business-can-survive-the-coronavirus-crisis/,54,32,0.03793595962270661,0.4489474447908183,115.68656716417911,28.71552741710484,12.5,4.940089228808158,2676,1569,1.8745247148288973,54,4.940089228808158
65,30601.8,https://insights.blackcoffer.com/impacts-of-covid-19-on-vegetable-vendors-and-food-stalls/,25,13,0.06652211336421861,0.4100396874081084,149.8148148148148,28.503018946491775,15.03,5.329380764163373,1369,759,2.0276315789473682,7,5.329380764163373
66,31063.6,https://insights.blackcoffer.com/impacts-of-covid-19-on-vegetable-vendors/,39,25,0.06364806364806361,0.3976110226110225,159.7560975609756,29.1661279896574,16.05,5.522765598650928,2256,1186,2.105574324324324,10,5.522765598650928
67,31525.4,https://insights.blackcoffer.com/impact-of-covid-19-pandemic-on-tourism-aviation-industries/,41,51,0.07622287691732134,0.4140623203956537,110.07407407407408,28.742458521870287,12.31,5.266391021854695,3049,1693,2.051297169811321,32,5.266391021854695
68,31987.2,https://insights.blackcoffer.com/impact-of-covid-19-pandemic-on-sports-events-around-the-world/,37,11,0.04960279082619508,0.3315663503163504,69.96370967741936,26.327678185226127,7.73,5.01909169800405,5478,3457,1.8293387236500145,2,5.01909169800405
69,32449.0,https://insights.blackcoffer.com/changing-landscape-and-emerging-trends-in-the-indian-it-ites-industry/,40,54,0.019572268708174752,0.46124592037343715,107.25,29.53406348617041,12.1,5.1013590033975085,3182,1766,1.9994331065759636,33,5.1013590033975085
70,32910.8,https://insights.blackcoffer.com/online-gaming-adolescent-online-gaming-effects-demotivated-depression-musculoskeletal-and-psychosomatic-symptoms/,29,69,0.018814935064935066,0.37167676767676755,134.6031746031746,29.431203685159222,14.48,5.627073656270737,2939,1507,2.2365448504983387,8,5.627073656270737
71,33372.6,https://insights.blackcoffer.com/human-rights-outlook/,5,3,0.2584290709290709,0.4681610056610056,90.22222222222223,28.556806550665303,10.73,4.891566265060241,279,166,1.9578313253012047,8,4.891566265060241
72,33834.4,https://insights.blackcoffer.com/how-voice-search-makes-your-business-a-successful-business/,46,4,0.15826583210603828,0.47622115856651936,102.27083333333333,27.903005464480874,12.05,5.178270042194093,1634,948,1.993730407523511,27,5.178270042194093
73,34296.2,https://insights.blackcoffer.com/how-the-covid-19-crisis-is-redefining-jobs-and-services/,49,33,0.10960267701647014,0.43117604617604605,76.525,28.675202033959867,9.41,5.015292190060077,3158,1831,1.9452954048140043,46,5.015292190060077
74,34758.0,https://insights.blackcoffer.com/how-to-increase-social-media-engagement-for-marketers/,60,15,0.15788537367025748,0.4301200801782199,95.61458333333333,28.41200146359312,11.01,5.233181299885975,3106,1754,2.001137009664582,51,5.233181299885975
75,35219.8,https://insights.blackcoffer.com/impacts-of-covid-19-on-streets-sides-food-stalls/,38,33,0.09475304998032269,0.4424435980685981,116.63829787234043,28.40562003665241,12.87,5.1377694470477975,1860,1067,1.9821596244131456,27,5.1377694470477975
76,35681.6,https://insights.blackcoffer.com/coronavirus-impact-on-energy-markets-2/,18,44,0.028941798941798946,0.4176384998443821,123.39240506329114,28.506944444444443,13.44,5.498025944726452,3284,1773,2.0498878923766815,12,5.498025944726452
77,36143.4,https://insights.blackcoffer.com/coronavirus-impact-on-the-hospitality-industry-5/,20,42,0.090408891033891,0.44031424281424264,87.82456140350877,28.745615500250544,11.29,5.097759674134419,1721,982,2.0113636363636362,16,5.097759674134419
78,36605.2,https://insights.blackcoffer.com/lessons-from-the-past-some-key-learnings-relevant-to-the-coronavirus-crisis-4/,43,47,0.11541107352031724,0.44506220670086244,80.63513513513513,29.224125922830478,10.16,4.919208573784006,2098,1213,1.943894389438944,54,4.919208573784006
79,37067.0,https://insights.blackcoffer.com/estimating-the-impact-of-covid-19-on-the-world-of-work-2/,30,28,0.07701032059727714,0.432465963987703,131.83333333333334,29.380744312189243,14.92,5.029064486830155,1950,1101,1.9726277372262773,27,5.029064486830155
80,37528.8,https://insights.blackcoffer.com/estimating-the-impact-of-covid-19-on-the-world-of-work-3/,24,43,0.08320542957227141,0.3320952891749352,94.21917808219177,28.508395636720188,12.25,5.365054602184087,2326,1282,2.044846577498033,10,5.365054602184087
81,37990.6,https://insights.blackcoffer.com/travel-and-tourism-outlook/,6,3,0.27325487012987015,0.42491206709956714,79.9090909090909,27.6056338028169,9.63,4.7005347593582885,294,187,1.8306878306878307,8,4.7005347593582885
82,38452.4,https://insights.blackcoffer.com/gaming-disorder-and-effects-of-gaming-on-health/,30,46,0.061628905514775074,0.433699181253529,86.28571428571429,28.70908534720098,11.26,4.928377153218495,1877,1103,1.93,42,4.928377153218495
83,38914.2,https://insights.blackcoffer.com/what-is-the-repercussion-of-the-environment-due-to-the-covid-19-pandemic-situation/,13,25,0.05948027068716724,0.4058518110242248,85.60526315789474,27.91655936131857,11.02,5.155309033280507,1084,631,1.9300476947535772,12,5.155309033280507
84,39376.0,https://insights.blackcoffer.com/what-is-the-repercussion-of-the-environment-due-to-the-covid-19-pandemic-situation-2/,30,57,0.05715384749658943,0.3914643689643688,113.30188679245283,29.281302638966874,13.97,5.361607142857143,2086,1120,2.067978533094812,5,5.361607142857143
85,39837.8,https://insights.blackcoffer.com/impact-of-covid-19-pandemic-on-office-space-and-co-working-industries/,32,35,0.06413482834994465,0.43600658062867365,133.3846153846154,28.21656050955414,13.99,4.821130676552364,1772,1079,1.8932219127205199,28,4.821130676552364
86,40299.6,https://insights.blackcoffer.com/contribution-of-handicrafts-visual-arts-literature-in-the-indian-economy/,6,3,0.10517156862745097,0.4354901960784313,88.24,28.521806252412198,12.17,5.715025906735751,739,386,2.1484375,4,5.715025906735751
87,40761.4,https://insights.blackcoffer.com/how-covid-19-is-impacting-payment-preferences/,27,3,0.09073063973063976,0.3884276094276094,82.41666666666667,28.260262496509355,9.65,4.824390243902439,1012,615,1.8611111111111112,12,4.824390243902439
88,41223.2,https://insights.blackcoffer.com/how-will-covid-19-affect-the-world-of-work-2/,36,57,0.08566630591630595,0.41270382395382393,162.54285714285714,28.802973977695167,16.75,5.486017357762777,1937,1037,2.108108108108108,8,5.486017357762777
89,41685.0,https://insights.blackcoffer.com/lessons-from-the-past-some-key-learnings-relevant-to-the-coronavirus-crisis/,36,25,0.2563350340136055,0.5199829931972789,100.29032258064517,28.47457627118644,11.12,4.276478679504814,1092,727,1.6758620689655173,60,4.276478679504814
90,42146.8,https://insights.blackcoffer.com/covid-19-how-have-countries-been-responding/,9,38,0.04362853371376099,0.3261895743145744,111.68,28.26743133111983,12.76,5.353787152444871,1873,1043,2.021133525456292,0,5.353787152444871
91,42608.6,https://insights.blackcoffer.com/coronavirus-impact-on-the-hospitality-industry-2/,22,33,0.05916069710712567,0.46500592661306944,106.96153846153847,28.98968446601942,11.27,5.394762366634335,1911,1031,2.11587147030185,14,5.394762366634335
92,43070.4,https://insights.blackcoffer.com/how-will-covid-19-affect-the-world-of-work-3/,32,52,0.11332926332926331,0.4287342287342288,103.03703703703704,28.625722103982973,12.77,5.481773399014778,1883,1015,2.089832181638697,12,5.481773399014778
93,43532.2,https://insights.blackcoffer.com/coronavirus-impact-on-the-hospitality-industry-3/,29,36,0.055118301238990905,0.3846937353833905,110.59322033898304,28.88091270349955,12.31,5.109631949882537,2253,1277,1.9754552652414885,18,5.109631949882537
94,43994.0,https://insights.blackcoffer.com/estimating-the-impact-of-covid-19-on-the-world-of-work/,51,48,0.0319966530383197,0.4734675875821709,103.38666666666667,28.595963933018464,11.71,4.960972488803582,2664,1563,1.912820512820513,16,4.960972488803582
95,44455.8,https://insights.blackcoffer.com/covid-19-how-have-countries-been-responding-2/,29,46,-0.01497857845202978,0.3716315493749122,99.98936170212765,28.487439871726348,12.33,5.141684901531729,3198,1828,1.9523287671232876,17,5.141684901531729
96,44917.6,https://insights.blackcoffer.com/how-will-covid-19-affect-the-world-of-work-4/,28,25,0.06827476150392814,0.4795216550424884,151.92,28.149732620320854,17.07,4.325740318906606,1316,878,1.6803652968036529,61,4.325740318906606
97,45379.4,https://insights.blackcoffer.com/lessons-from-the-past-some-key-learnings-relevant-to-the-coronavirus-crisis-2/,50,78,0.06639408099688471,0.43257306037679866,120.90588235294118,28.152085036794766,13.09,5.259467758444217,3443,1954,2.031201248049922,26,5.259467758444217
98,45841.2,https://insights.blackcoffer.com/lessons-from-the-past-some-key-learnings-relevant-to-the-coronavirus-crisis-3/,47,54,0.11211116961116958,0.496595739095739,73.6875,28.433835845896148,9.71,4.641732283464567,2037,1270,1.8706624605678233,53,4.641732283464567
99,46303.0,https://insights.blackcoffer.com/coronavirus-impact-on-the-hospitality-industry-4/,9,14,0.07287296037296037,0.4607517482517482,89.80952380952381,28.629032258064516,12.09,5.435158501440922,639,347,2.059171597633136,3,5.435158501440922
100,46764.8,https://insights.blackcoffer.com/why-scams-like-nirav-modi-happen-with-indian-banks/,50,91,0.02910643299352978,0.3307033002839456,119.23958333333333,28.27606504304319,13.22,5.336596736596737,3843,2145,1.995796356842597,16,5.336596736596737
101,47226.6,https://insights.blackcoffer.com/impact-of-covid-19-on-the-global-economy/,56,65,0.0954523036487322,0.47803019995877105,110.57575757575758,28.22843038258723,12.56,4.516089108910891,2516,1616,1.7946317103620475,74,4.516089108910891
102,47688.4,https://insights.blackcoffer.com/impact-of-covid-19coronavirus-on-the-indian-economy-2/,44,67,0.07181054675917688,0.433382405265967,88.07,28.46826301786393,10.47,5.126309662398137,2996,1718,1.9795680093403385,36,5.126309662398137
103,48150.2,https://insights.blackcoffer.com/impact-of-covid-19-on-the-global-economy-2/,49,83,0.10608027311441948,0.4375210902918223,120.5,28.2577522853558,12.79,5.3403409090909095,3153,1760,1.981737686773658,32,5.3403409090909095
104,48612.0,https://insights.blackcoffer.com/impact-of-covid-19-coronavirus-on-the-indian-economy-3/,55,73,0.07752795319759606,0.3923359130948417,96.89908256880734,27.582408937141057,13.2,4.912558139534884,3506,2150,2.0293965961835996,14,4.912558139534884
105,49073.8,https://insights.blackcoffer.com/should-celebrities-be-allowed-to-join-politics/,58,18,0.13463349713349712,0.37925514800514815,147.3030303030303,29.21572022160665,15.16,5.309666848716549,3375,1831,2.0699835975943137,32,5.309666848716549
106,49535.6,https://insights.blackcoffer.com/how-prepared-is-india-to-tackle-a-possible-covid-19-outbreak/,19,24,0.052994633331711984,0.39133226324237563,131.93939393939394,28.48613251155624,14.56,5.189511323003575,1479,839,1.986857825567503,11,5.189511323003575
107,49997.4,https://insights.blackcoffer.com/how-will-covid-19-affect-the-world-of-work/,48,91,0.025510091453800066,0.44738095238095243,101.17647058823529,29.076620825147348,12.0,5.439595192915876,2960,1581,2.0701754385964914,25,5.439595192915876
108,50459.2,https://insights.blackcoffer.com/controversy-as-a-marketing-strategy/,32,45,0.1936226851851852,0.536238425925926,80.2258064516129,28.83744338198289,9.28,5.034412955465587,1719,988,1.988843813387424,44,5.034412955465587
109,50921.0,https://insights.blackcoffer.com/coronavirus-impact-on-the-hospitality-industry/,8,29,0.07779734389903879,0.43244460341917956,112.12121212121212,28.348062542488105,12.15,5.182072829131653,1251,714,2.0606508875739644,3,5.182072829131653
110,51382.8,https://insights.blackcoffer.com/coronavirus-impact-on-energy-markets/,25,61,0.013231213231213226,0.40128760128760127,175.7843137254902,28.954322385805966,16.14,5.4932598039215685,3068,1632,2.0698924731182795,4,5.4932598039215685
111,51844.6,https://insights.blackcoffer.com/what-are-the-key-policies-that-will-mitigate-the-impacts-of-covid-19-on-the-world-of-work/,99,33,0.1337564419707276,0.45195810307417456,130.05555555555554,28.990462479755262,14.53,5.3478012564249005,3222,1751,2.0884904569115097,29,5.3478012564249005
112,52306.4,https://insights.blackcoffer.com/marketing-drives-results-with-a-focus-on-problems/,32,21,0.07345173432437582,0.434461460970895,103.32394366197182,28.379619003901766,12.1,5.319796954314721,2473,1379,2.0510732790525537,34,5.319796954314721
113,52768.2,https://insights.blackcoffer.com/continued-demand-for-sustainability/,58,34,0.056099663299663295,0.4468902356902356,141.1904761904762,30.37079786466599,15.73,5.918163672654691,2105,1002,2.352409638554217,10,5.918163672654691
